{"mean":{"confidence_interval":{"confidence_level":0.95,"lower_bound":-0.7657941170777393,"upper_bound":-0.7627109846107498},"point_estimate":-0.7643960806707573,"standard_error":0.0007990585684993533},"median":{"confidence_interval":{"confidence_level":0.95,"lower_bound":-0.766471416775146,"upper_bound":-0.7641522572529253},"point_estimate":-0.7653133338446068,"standard_error":0.0005546470076720943}}